src_employee,dst_employee,weight
E00717,E00784,0.18
E01091,E00086,0.67
E00970,E01193,0.5
E00635,E00892,0.7
E01161,E01073,0.38
E00133,E00625,0.83
E00589,E00902,0.27
E01192,E00074,0.96
E01093,E00262,0.9
E00371,E00091,0.2
E00905,E00119,0.25
E00981,E00924,0.59
E00664,E00890,0.2
E00357,E00875,0.4
E00309,E00067,0.36
E00337,E00264,0.59
E01022,E01189,0.12
E00408,E00234,0.9
E00945,E01189,0.2
E00598,E00176,0.32
E00702,E00831,0.15
E01050,E00827,0.51
E00420,E00895,0.27
E00048,E01066,0.74
E00946,E00060,0.97
E00850,E00189,0.54
E00953,E01200,0.2
E01003,E00387,0.92
E00995,E00794,0.83
E00507,E00646,0.72
E00612,E00387,0.86
E01126,E00563,0.15
E00223,E00785,0.93
E00635,E00434,0.37
E01018,E00802,0.47
E01103,E01137,0.52
E00639,E00243,0.6
E00809,E00320,0.96
E00864,E00781,0.18
E00894,E01098,0.72
E00836,E00582,0.87
E00407,E00067,0.12
E00705,E00541,0.85
E00461,E00446,0.96
E00771,E00902,1.0
E00723,E00511,0.51
E00992,E00224,0.41
E00470,E00836,0.76
E00356,E00090,0.9
E00996,E00932,0.28
E00720,E00378,0.25
E00879,E01124,0.7
E01187,E00516,0.92
E00277,E00922,0.51
E00694,E00789,0.3
E00652,E00562,0.82
E00818,E00540,0.11
E00637,E00398,0.22
E01002,E00344,0.33
E00752,E00932,0.35
E00540,E00273,0.11
E00820,E00222,0.37
E01083,E00203,0.43
E00076,E00473,0.95
E00895,E00725,0.33
E00258,E00174,0.54
E01012,E00066,0.14
E00576,E00856,0.69
E00560,E00481,0.65
E01193,E01014,0.55
E00965,E01171,0.27
E00253,E00353,0.52
E01161,E01194,0.57
E00462,E00807,0.19
E00870,E00944,0.85
E00938,E01149,0.55
E01142,E00896,0.92
E00698,E00083,0.89
E00213,E01090,0.22
E00812,E00178,0.25
E00259,E00731,0.39
E00132,E00314,0.2
E00813,E00123,0.98
E00834,E00949,0.32
E00207,E00908,0.92
E00754,E00578,0.43
E00805,E01011,0.98
E01010,E00057,0.64
E01127,E00334,0.15
E00271,E00092,0.77
E00194,E01134,0.78
E00708,E00487,0.9
E00576,E00712,0.6
E01168,E00527,0.89
E00995,E00983,0.58
E00409,E00876,0.11
E00369,E00701,0.44
E00044,E00831,0.7
E00325,E00002,0.81
E00069,E00545,0.88
E00806,E00786,0.29
E01192,E00203,0.78
E00769,E00767,0.11
E00627,E00204,0.46
E00249,E00815,0.89
E00610,E00180,0.11
E00400,E00976,0.97
E01097,E00076,0.18
E00125,E00126,0.36
E00829,E00548,0.61
E00345,E00063,0.24
E00697,E00299,0.29
E01012,E01078,1.0
E00246,E00241,0.61
E01027,E01199,0.46
E00661,E01029,0.73
E00973,E00311,0.17
E00061,E00758,0.67
E00991,E00398,0.5
E01193,E00083,0.97
E00077,E00652,0.62
E00254,E01099,0.13
E01198,E00454,0.5
E00519,E00864,0.4
E00457,E01055,0.52
E00474,E00846,0.33
E00613,E01105,0.66
E00920,E00116,0.47
E00666,E00683,0.29
E01080,E00442,0.92
E00944,E01122,0.3
E00126,E00061,0.38
E00843,E00609,0.1
E00377,E01006,0.77
E00910,E00933,0.74
E01186,E00103,0.18
E00343,E01190,0.92
E00959,E00780,0.18
E00654,E00618,0.87
E00488,E00576,0.42
E00415,E01071,0.33
E00700,E00958,0.93
E00868,E00732,0.24
E00796,E00033,0.52
E01092,E00230,0.3
E00341,E01116,0.53
E01019,E00749,0.51
E00381,E00222,0.84
E00874,E00889,0.97
E00081,E00569,0.4
E00081,E00857,0.7
E00802,E00866,0.29
E00867,E01065,0.45
E00202,E01140,0.49
E00442,E01034,0.2
E00977,E00466,0.68
E00249,E00435,0.56
E00076,E00488,0.54
E00543,E00550,0.28
E00974,E00860,0.49
E00793,E01067,0.64
E00922,E00353,0.25
E00830,E00647,0.12
E00562,E01066,0.99
E00651,E01142,0.47
E00783,E00787,0.23
E00182,E00366,0.16
E00626,E00101,0.33
E00544,E00609,0.41
E00723,E01009,0.18
E00063,E01073,0.96
E00492,E00893,0.84
E00579,E00396,0.95
E00922,E00257,0.25
E01144,E00253,0.17
E00518,E01195,0.32
E00060,E00354,0.33
E00184,E00529,0.52
E00446,E00614,0.17
E00084,E01107,0.23
E01084,E00321,0.8
E01097,E00074,0.41
E00259,E00014,0.72
E00311,E00662,0.71
E00257,E00231,0.34
E01100,E00239,0.95
E00105,E00532,0.31
E00440,E00331,0.59
E01010,E00701,0.29
E01030,E00771,0.57
E00681,E00948,0.17
E00725,E00612,0.6
E00154,E01160,0.74
E00439,E00648,0.47
E00328,E01129,0.1
E01050,E00159,0.7
E00534,E00311,0.4
E00751,E00424,0.92
E00317,E00550,0.35
E00596,E00898,0.91
E00270,E00752,0.46
E00275,E00868,0.66
E01122,E01008,0.1
E00012,E01061,0.38
E00591,E01042,0.25
E00086,E00505,0.88
E00017,E00581,0.93
E00704,E00303,0.73
E00404,E00739,0.94
E00738,E00394,0.92
E00815,E00954,0.41
E00271,E00437,0.66
E01056,E01064,0.32
E00693,E00826,0.89
E00776,E00237,0.76
E00103,E00163,0.51
E00351,E00700,0.88
E00361,E00866,0.9
E00666,E00190,0.31
E00103,E00576,0.71
E00988,E00592,0.13
E00437,E00091,0.55
E00181,E00175,0.71
E00410,E00326,0.89
E00589,E00255,0.68
E00593,E01168,0.34
E00368,E00242,0.5
E00681,E00700,0.62
E00620,E00272,0.12
E00697,E00149,0.67
E00212,E00869,0.99
E01111,E00601,0.16
E00338,E00081,0.91
E00444,E00721,0.44
E00196,E01042,0.89
E00187,E00246,0.68
E01167,E00174,0.5
E00582,E00315,0.82
E00007,E01193,0.84
E00221,E00740,0.85
E00888,E00613,0.91
E00570,E00086,0.79
E00372,E00181,0.92
E00566,E00770,0.53
E00785,E01070,0.45
E00256,E00704,0.15
E00550,E00006,0.55
E00538,E00159,0.28
E00737,E00574,0.74
E00533,E00384,0.93
E00383,E00147,0.68
E00197,E00526,0.72
E00349,E00584,0.29
E00033,E00980,0.28
E00661,E00269,0.89
E00569,E00134,0.33
E00134,E00711,0.28
E00982,E01119,0.9
E00405,E00115,0.85
E00456,E00207,0.85
E00767,E00973,0.63
E00179,E00013,0.82
E01061,E00855,0.16
E01149,E00360,0.34
E00452,E00819,0.49
E00617,E00245,0.85
E00047,E00711,0.48
E00198,E00927,0.72
E00284,E00482,0.66
E00561,E00790,0.89
E00104,E00206,0.81
E01019,E00534,0.61
E00521,E00235,0.52
E00867,E01181,0.16
E00187,E00848,0.43
E00578,E00009,0.5
E00778,E00140,0.41
E00524,E00432,0.31
E00025,E00394,0.62
E00401,E00275,0.71
E00186,E00899,0.43
E00237,E00979,0.41
E00580,E00074,0.51
E00139,E01138,0.23
E00886,E00020,0.8
E01185,E00722,0.78
E00023,E00102,0.48
E00927,E00226,0.81
E00309,E00749,0.12
E00628,E00559,0.92
E00048,E00682,0.35
E00281,E01188,0.49
E00329,E00749,0.58
E01115,E00673,0.54
E01034,E00367,0.48
E01166,E00993,0.22
E00336,E01166,0.42
E00034,E00300,0.2
E00451,E00696,0.61
E00103,E00117,0.37
E01082,E00923,0.72
E00698,E00296,0.11
E00404,E00606,0.75
E00918,E00737,0.38
E00141,E00994,0.68
E00473,E00087,0.78
E00054,E00241,0.73
E00065,E00399,0.51
E00207,E01046,0.5
E00244,E00595,0.45
E00555,E00793,0.7
E00967,E00244,0.78
E01099,E00038,0.84
E00136,E00173,0.37
E01061,E00234,0.88
E00254,E00358,0.44
E00025,E00466,0.53
E00280,E01004,0.93
E00841,E00037,0.79
E00455,E01190,0.18
E00488,E00332,0.53
E00818,E00265,0.57
E00734,E00576,0.64
E00233,E00905,0.2
E00090,E00856,0.33
E00161,E00395,0.81
E00031,E00609,0.54
E00991,E00024,0.9
E00894,E00855,0.98
E00692,E01063,0.32
E00424,E00083,0.32
E00903,E00744,0.3
E00707,E00276,0.4
E00908,E00705,0.86
E00033,E00508,0.46
E00290,E00784,0.73
E00558,E00020,0.59
E01127,E00213,0.24
E00137,E00619,0.89
E00480,E00477,0.92
E00502,E00145,0.16
E00089,E01196,0.21
E01008,E00250,0.13
E00424,E00081,0.13
E00118,E00253,0.55
E00983,E00782,0.35
E00291,E00674,0.13
E01086,E00050,0.39
E00205,E00270,0.13
E01089,E01124,0.2
E00059,E00964,0.49
E00105,E00363,0.56
E00050,E00760,0.92
E00730,E01039,0.14
E00191,E01026,0.45
E00355,E00451,0.22
E00604,E00874,0.82
E00830,E01087,0.52
E00618,E01198,0.45
E00144,E00727,0.9
E00060,E00723,0.54
E00415,E00978,0.37
E00710,E00426,0.79
E00134,E00368,0.11
E01056,E00045,0.68
E00409,E00515,0.56
E00469,E00503,0.85
E00386,E01072,0.72
E00385,E00163,0.54
E00964,E00147,0.31
E00592,E01069,0.88
E00103,E00821,0.32
E00334,E00337,0.72
E00428,E01036,0.76
E01061,E00849,0.11
E01197,E00238,0.8
E00898,E00147,0.93
E00097,E00071,0.9
E00028,E00515,0.76
E01049,E00964,0.35
E00234,E01054,0.3
E00038,E00821,0.52
E00263,E00748,0.4
E00517,E01149,0.17
E01147,E00144,0.1
E00208,E00356,0.63
E01111,E00211,0.42
E01054,E00075,0.26
E01187,E01027,0.13
E00550,E00258,0.64
E00619,E00743,0.44
E01079,E00234,0.61
E00372,E00916,0.45
E00587,E00466,0.71
E00043,E00570,0.41
E00488,E00615,0.98
E00850,E00220,0.16
E00323,E00990,0.92
E01167,E00677,0.45
E00711,E00465,0.6
E00669,E01168,0.2
E00220,E00261,0.57
E01144,E00203,0.99
E00887,E00025,0.12
E00628,E00901,0.93
E00838,E00584,0.95
E00382,E01184,0.68
E00509,E00682,0.15
E01186,E00902,0.32
E01035,E00540,0.59
E00063,E00396,0.72
E00363,E00167,0.48
E00232,E00748,0.99
E01177,E01005,0.84
E01183,E00062,0.28
E00411,E00060,0.23
E00369,E00441,0.61
E00143,E00034,0.66
E01175,E00323,0.52
E01072,E00979,0.75
E00027,E00535,0.55
E00739,E00837,0.98
E00117,E00827,0.89
E00615,E00794,0.92
E00965,E00421,0.18
E01083,E01103,0.21
E00168,E00311,0.48
E00368,E00259,0.11
E00538,E00706,0.24
E00715,E00417,0.98
E00615,E00553,0.37
E00088,E01033,0.82
E00815,E00662,0.48
E00916,E00556,0.32
E00255,E01153,0.76
E00873,E00044,0.19
E00248,E00619,0.32
E01063,E00049,1.0
E00802,E00195,0.16
E01056,E00559,0.5
E00246,E00048,0.53
E00742,E00626,0.71
E00362,E00461,0.75
E00444,E00908,0.72
E00545,E00454,0.82
E00965,E00700,0.94
E00456,E00194,0.85
E00217,E00952,0.75
E00714,E00433,0.96
E00210,E00626,0.84
E01024,E00584,0.23
E00054,E00776,0.4
E00206,E00103,0.7
E00808,E00646,0.36
E00176,E00713,0.83
E01199,E00677,0.78
E00844,E00537,0.61
E00480,E00458,0.18
E00785,E00140,0.54
E00616,E00134,0.86
E00563,E00295,0.37
E00597,E00911,0.16
E00206,E00293,0.29
E00507,E00868,0.91
E00886,E00362,0.13
E00182,E00943,0.61
E01087,E00102,0.65
E00441,E00507,0.4
E00150,E00808,0.55
E01011,E00848,0.24
E00516,E01070,0.22
E01078,E01056,0.31
E00605,E00450,0.93
E00247,E00955,0.57
E00317,E00027,0.48
E00773,E00223,0.72
E00344,E00791,0.6
E00217,E00170,0.28
E00865,E00945,0.31
E00912,E00398,0.73
E00637,E00699,0.13
E01010,E00742,0.98
E00924,E00894,0.61
E01179,E00034,0.19
E01134,E00602,0.42
E00367,E00234,0.49
E00217,E00263,0.98
E00374,E00435,0.21
E00840,E01104,0.77
E01020,E01139,0.87
E00829,E00268,0.24
E00121,E00884,0.21
E00130,E00420,0.96
E00183,E00865,0.37
E00380,E00337,0.13
E00860,E00156,0.54
E00238,E00045,0.49
E00095,E00518,0.79
E00005,E01008,0.64
E00464,E01044,0.39
E00503,E01099,0.65
E00503,E00386,0.93
E00605,E00210,0.7
E00908,E00760,0.12
E00585,E00441,0.41
E00973,E00237,0.38
E00246,E00963,0.31
E00063,E00902,0.29
E00559,E00203,0.74
E00893,E00270,0.72
E00269,E00523,0.36
E00030,E00193,0.45
E00971,E00517,0.94
E00227,E00357,0.22
E00554,E01132,0.49
E00053,E00505,0.63
E00273,E00686,0.17
E00582,E00454,0.24
E00597,E00961,0.48
E00563,E00714,0.91
E00955,E00414,0.94
E00917,E00584,0.22
E00239,E00982,0.79
E00122,E00081,0.86
E00862,E01105,0.63
E00820,E01005,0.22
E00637,E01142,0.95
E00815,E00398,0.65
E01010,E01184,0.44
E00572,E00743,0.46
E00629,E00148,0.83
E00170,E00331,0.89
E01045,E00915,0.11
E01113,E01056,0.51
E00400,E00603,0.78
E01074,E00426,0.53
E00245,E00796,0.99
E00678,E00591,0.18
E00263,E00907,0.75
E00102,E00437,0.31
E00154,E00195,0.69
E00619,E00970,0.65
E00603,E00691,0.64
E00688,E00528,0.13
E00573,E00237,0.57
E00035,E01021,0.1
E00040,E00224,0.27
E00375,E00823,0.15
E00413,E00588,0.33
E00495,E00253,0.73
E00318,E00169,0.18
E00782,E01062,0.48
E00465,E01143,0.93
E00643,E00064,0.64
E00162,E00732,0.61
E00177,E00891,0.11
E00404,E00853,0.11
E00910,E00940,0.89
E00462,E00579,0.59
E00350,E00219,0.67
E00825,E00997,0.12
E00712,E00523,0.67
E00628,E00536,0.14
E01091,E00536,0.58
E00930,E00987,0.68
E01146,E00344,0.77
E00385,E00662,0.9
E00184,E00787,0.22
E00572,E00058,0.88
E00902,E00486,0.69
E00826,E00079,0.47
E00725,E01171,0.55
E01124,E01050,0.56
E00700,E00935,0.95
E00453,E01131,0.47
E00424,E00531,0.95
E00568,E01081,0.25
E00355,E00134,0.24
E00309,E00993,0.52
E00016,E00454,0.8
E01126,E00094,0.14
E00828,E00316,0.82
E00695,E00403,0.81
E00430,E00078,0.3
E00744,E00542,0.43
E00951,E01180,0.97
E00613,E01188,0.36
E00305,E00593,0.22
E00657,E01111,0.56
E00265,E00274,0.49
E00649,E00536,0.12
E01105,E00895,0.15
E00606,E01172,0.25
E00239,E00641,0.58
E01133,E00036,0.86
E00305,E00389,0.87
E00603,E01114,0.3
E00415,E00373,0.91
E00849,E00081,0.56
E00922,E00740,0.74
E01151,E00169,0.86
E00748,E00205,0.64
E00050,E00823,0.65
E00069,E00955,0.54
E00022,E00720,0.5
E00246,E00262,0.7
E00004,E01040,0.56
E01011,E01173,0.46
E00145,E00257,0.14
E00652,E00234,0.36
E00087,E00904,0.82
E00044,E00189,0.43
E00068,E00368,0.81
E00493,E00712,0.74
E00188,E00018,0.11
E00915,E01025,0.53
E00307,E00322,0.99
E00931,E00382,0.6
E01110,E00963,0.88
E00481,E00718,0.72
E01193,E00965,0.52
E00933,E00422,0.54
E00222,E00625,0.61
E00030,E00341,0.81
E00479,E00381,0.27
E00318,E00502,0.63
E00619,E00805,0.68
E00007,E01097,0.93
E01046,E00791,0.16
E00333,E00025,0.96
E01119,E00207,0.76
E00637,E00901,0.56
E00774,E00034,0.92
E00737,E00732,0.3
E00670,E00494,0.11
E00535,E00421,0.25
E00369,E01197,0.39
E00176,E00951,0.39
E00984,E00619,0.43
E00499,E01071,0.82
E00498,E00003,0.6
E01082,E01019,0.77
E00966,E00405,0.2
E00246,E00381,0.81
E00565,E00106,0.36
E00269,E00613,0.65
E01005,E00586,0.32
E00035,E00920,0.98
E00109,E01096,0.98
E00910,E00256,0.44
E00751,E00610,0.86
E01099,E00448,0.57
E00054,E00111,0.6
E00149,E00189,0.89
E00663,E00143,0.47
E00668,E00267,0.13
E00396,E00694,0.61
E00026,E01074,0.86
E00996,E01058,0.43
E00104,E00322,0.16
E00099,E00086,0.62
E01160,E00496,0.65
E00272,E00631,0.46
E00544,E00023,0.92
E00114,E00787,0.13
E00623,E00422,0.92
E00417,E00285,0.39
E01133,E00006,0.65
E01112,E00311,0.27
E00410,E00588,0.85
E00351,E00987,0.93
E00955,E00835,0.99
E00985,E00108,0.69
E00789,E00963,0.52
E00610,E00344,1.0
E00894,E01056,0.34
E01068,E01019,0.21
E01133,E00946,0.12
E00588,E01033,1.0
E00539,E00305,0.23
E00208,E00631,0.13
E00426,E00146,0.31
E00740,E00456,0.77
E01136,E01025,0.76
E01158,E01199,0.11
E00906,E00477,0.69
E00929,E00936,0.49
E00987,E00545,0.73
E00929,E00871,0.51
E00357,E00953,0.3
E00709,E00246,0.15
E00918,E00189,0.71
E00542,E00092,0.68
E00645,E00338,0.39
E00062,E00360,0.83
E00529,E00570,0.56
E00152,E00633,0.76
E00715,E00361,0.86
E00244,E00359,0.94
E01031,E00245,0.96
E00891,E01098,0.4
E00900,E00441,0.23
E00301,E00997,0.6
E01191,E00242,0.7
E00785,E00479,0.27
E00790,E00652,0.44
E00339,E00796,0.86
E00463,E00500,0.5
E00937,E00285,0.17
E00496,E00220,0.47
E00462,E01016,0.16
E01154,E00490,0.69
E01098,E00977,0.91
E00758,E00319,0.67
E00632,E00758,0.99
E00834,E00085,0.94
E00132,E00704,0.73
E00789,E00523,0.92
E00694,E00234,0.36
E01025,E01179,0.55
E00039,E00331,0.77
E00586,E01138,0.65
E00654,E00218,0.83
E00072,E00517,0.35
E01144,E01061,0.48
E00117,E00305,0.11
E00882,E00027,0.24
E01177,E00415,0.92
E00450,E00526,0.43
E00984,E00450,0.89
E00773,E00078,0.53
E00005,E01113,0.13
E00475,E00865,1.0
E01157,E00712,0.55
E00004,E00657,0.44
E00645,E00861,0.46
E01052,E00851,0.6
E00027,E00622,0.95
E00013,E01120,0.73
E00837,E00579,0.41
E01106,E01086,0.91
E00176,E00316,0.45
E01140,E01114,0.5
E00492,E00804,0.99
E00354,E00945,0.5
E00805,E00901,0.73
E00525,E00246,0.71
E00311,E00860,0.78
E00367,E00383,0.66
E00825,E00162,0.29
E00961,E00199,0.24
E00219,E00178,0.45
E00636,E00367,0.59
E00235,E01082,0.18
E00539,E00570,0.54
E01037,E00605,0.58
E00463,E00342,0.49
E00444,E00449,0.17
E00141,E00599,0.66
E00077,E00837,0.36
E01059,E00548,0.56
E00145,E00892,0.18
E00592,E00554,0.34
E00041,E00654,0.85
E01186,E00990,0.68
E00906,E00897,0.56
E00274,E00292,0.11
E00147,E00257,0.51
E00002,E00341,0.65
E00621,E00381,0.51
E00168,E00083,0.48
E00909,E00516,0.83
E01119,E00158,0.4
E00749,E00561,0.76
E00074,E00427,0.49
E00544,E00438,0.55
E00733,E00663,0.19
E00914,E00292,0.86
E00966,E00555,0.3
E00823,E00198,0.58
E01181,E00416,0.77
E00827,E00413,0.36
E00548,E00683,0.46
E00787,E00223,0.57
E00328,E00049,0.49
E01165,E00048,0.55
E01041,E00771,0.76
E00987,E00113,0.97
E00828,E00955,0.67
E00159,E00644,0.44
E00074,E00057,0.5
E00164,E00104,0.57
E00621,E00718,0.95
E01150,E00016,0.38
E00923,E00606,0.74
E00051,E00841,0.54
E00741,E00779,0.57
E00974,E00417,0.47
E00599,E00077,0.81
E00682,E01179,0.21
E01062,E00460,0.75
E00450,E01123,0.28
E00516,E00963,0.29
E00838,E01147,0.98
E00270,E01014,0.44
E00694,E00793,0.95
E00966,E00941,0.64
E00053,E00292,0.58
E00444,E00305,0.4
E00252,E00388,0.68
E00591,E00619,0.67
E00210,E00105,0.5
E00547,E00021,0.84
E00647,E00147,0.5
E00084,E00014,0.93
E01061,E00283,0.52
E00696,E00102,0.58
E01015,E00936,0.58
E00288,E00984,0.92
E00339,E00029,0.31
E00356,E00482,0.29
E01118,E00014,0.75
E00908,E01021,0.43
E00991,E00602,0.16
E00130,E00288,0.29
E00567,E00948,0.95
E00898,E01124,0.44
E00894,E00943,0.45
E00445,E00373,0.62
E00714,E00518,0.13
E00837,E01119,0.22
E01050,E00420,0.14
E00525,E00164,0.42
E00162,E00989,0.98
E00291,E00544,0.39
E00511,E01034,0.13
E00996,E01135,0.33
E00305,E00180,0.8
E00507,E00061,0.45
E01170,E00578,0.82
E00412,E01167,0.84
E00351,E00157,0.39
E00718,E00154,0.56
E00112,E00262,0.61
E00768,E00877,0.98
E00290,E01081,0.27
E00540,E00071,0.15
E00860,E00621,0.17
E01028,E00043,0.82
E00834,E01051,0.79
E00322,E00579,0.26
E00341,E01119,0.14
E01085,E00817,0.19
E00942,E01187,0.53
E00110,E00045,0.2
E00032,E00869,0.58
E00640,E01104,0.78
E00939,E00201,0.27
E00811,E01007,0.61
E01022,E00023,0.36
E01015,E00207,0.46
E00343,E00491,0.83
E00580,E00920,0.87
E00143,E00084,0.18
E01086,E00505,0.68
E00307,E00595,0.25
E01042,E00861,0.72
E00289,E00771,0.87
E00132,E00775,0.51
E00078,E00450,0.9
E01066,E01004,0.56
E00796,E00062,0.62
E00187,E01157,0.55
E01108,E00374,0.23
E01197,E01047,0.37
E00829,E00397,0.24
E00799,E01170,0.28
E00602,E00597,0.99
E00048,E00248,0.78
E00336,E00943,0.62
E00031,E00718,0.37
E00665,E00108,0.26
E00894,E00224,1.0
E00553,E00977,0.52
E00671,E00594,0.39
E00186,E00655,0.32
E00682,E00646,0.55
E00222,E00304,0.62
E00841,E00484,0.11
E00320,E00263,0.6
E00643,E00777,0.94
E00298,E00342,0.68
E00489,E00240,0.74
E00078,E00396,0.43
E00591,E00714,0.41
E00263,E00386,0.77
E00035,E00830,0.43
E00222,E01054,0.18
E00043,E00414,0.98
E00442,E01068,0.64
E00353,E01104,0.93
E00362,E00410,0.74
E00668,E00415,0.3
E00496,E00181,0.27
E00346,E00148,0.47
E00493,E00808,0.68
E00549,E00646,0.66
E01040,E00106,0.68
E00037,E00285,0.52
E00146,E00571,0.7
E00879,E00513,0.51
E00731,E00177,0.45
E01037,E00367,0.5
E01134,E00655,0.54
E00436,E00258,0.66
E01079,E01117,0.8
E01180,E01145,0.35
E00703,E00426,0.73
E00241,E00297,0.83
E00061,E00661,0.86
E01056,E00030,0.69
E01046,E00055,0.45
E00118,E00107,0.81
E00094,E01155,0.45
E00433,E00184,0.13
E01179,E01079,0.16
E00020,E00879,0.3
E00584,E00690,0.57
E00103,E00521,0.89
E00623,E00347,0.41
E00346,E00393,0.99
E00674,E00759,0.42
E00327,E00577,0.38
E00899,E00681,0.89
E01041,E00598,0.37
E01085,E00366,0.19
E00457,E01020,0.14
E00290,E00054,0.25
E00565,E01151,0.27
E00253,E00216,0.82
E00126,E00059,0.37
E00060,E00550,0.61
E00782,E00473,0.95
E01146,E00635,0.18
E00136,E00177,0.7
E00645,E00019,0.94
E00620,E00800,0.6
E01139,E00446,0.91
E01013,E00796,0.39
E00477,E00617,0.38
E00413,E00781,0.96
E00167,E01036,0.8
E00666,E00428,0.52
E00953,E00455,0.58
E01013,E01027,0.74
E00155,E00832,0.43
E00310,E00902,0.67
E00185,E00254,0.95
E00455,E00879,0.37
E00945,E00909,0.61
E00854,E00911,0.96
E00754,E00801,0.19
E00312,E01069,0.39
E00207,E00255,0.29
E00510,E00514,0.73
E00204,E01148,0.85
E00777,E00317,0.41
E00540,E00433,0.13
E00023,E01177,0.94
E00936,E00635,0.86
E00464,E00441,0.78
E00845,E00820,0.19
E00363,E00779,0.44
E00776,E00735,0.74
E00413,E00263,0.15
E00136,E00800,0.63
E00509,E00532,0.41
E00815,E00535,0.56
E00973,E00901,0.22
E01053,E00869,0.76
E00830,E00290,0.73
E00579,E00725,0.68
E00337,E01174,0.65
E01005,E00092,0.17
E00336,E01146,0.94
E00761,E00658,0.74
E01131,E00396,0.8
E00816,E00207,0.79
E00276,E00931,0.46
E00415,E00473,0.71
E01174,E00713,0.15
E01106,E01095,0.79
E00270,E00459,0.39
E00825,E01130,0.11
E00091,E00179,0.98
E00424,E01054,0.52
E01176,E00606,0.77
E00796,E00881,0.26
E01139,E00654,0.61
E00456,E00594,0.85
E00265,E00493,0.29
E00877,E00074,0.52
E00297,E00785,0.32
E00984,E00488,0.45
E00710,E01097,0.26
E00397,E01013,0.67
E00644,E00594,0.54
E00102,E00944,0.97
E00316,E00597,0.25
E01156,E00658,0.5
E01096,E00692,0.9
E00211,E00277,0.23
E00132,E00397,0.74
E01171,E00569,0.79
E00762,E00226,0.9
E00698,E00184,0.18
E00050,E00584,0.31
E00005,E00091,0.41
E00996,E01198,0.31
E00645,E00304,0.11
E00278,E00428,0.67
E00960,E00956,0.55
E00694,E00606,0.56
E00739,E00292,0.59
E00381,E00378,0.83
E00504,E00713,0.77
E00037,E00621,0.11
E00072,E00617,0.62
E00345,E00377,0.46
E00922,E00188,0.54
E00285,E00064,0.64
E00339,E00753,0.66
E00778,E00722,0.79
E01087,E01086,0.25
E00511,E00964,0.63
E00924,E00439,0.62
E00987,E00762,0.2
E00103,E00902,0.6
E01089,E00059,0.47
E00424,E00562,0.49
E00247,E00715,0.21
E00801,E00147,0.3
E00723,E00444,0.21
E00487,E00905,0.83
E01069,E00056,0.33
E00797,E00307,0.55
E00876,E00239,0.73
E00431,E00277,0.99
E00329,E00081,1.0
E00517,E00024,0.11
E00147,E01116,0.98
E00631,E01045,0.46
E00150,E00699,0.61
E00966,E00397,0.51
E00045,E00872,0.48
E00374,E00350,0.58
E00992,E00237,0.99
E00009,E00757,0.27
E00107,E00830,0.96
E00135,E00083,0.37
E00273,E00857,0.6
E00459,E00539,0.21
E00412,E00320,0.54
E00110,E00722,0.98
E00828,E00829,0.69
E00931,E00982,0.8
E00243,E00539,0.57
E00684,E00590,0.77
E01180,E01025,0.74
E00573,E00815,0.47
E00478,E00479,0.48
E00873,E00429,0.14
E01161,E00721,0.99
E00070,E00923,0.66
E00480,E00364,0.74
E00236,E00663,0.88
E00584,E00181,0.95
E00774,E00559,0.64
E01067,E00669,0.91
E01041,E01143,0.13
E00812,E01168,0.63
E01154,E00537,0.58
E00125,E00823,0.11
E00028,E01124,0.83
E00408,E00138,0.43
E00449,E00103,0.77
E00931,E00472,0.86
E01018,E00823,0.68
E00968,E00849,0.9
E00761,E00697,0.87
E00079,E00255,0.49
E00173,E00817,0.69
E01123,E01007,0.16
E00330,E00023,0.49
E00512,E01094,0.51
E00609,E00988,0.27
E00593,E00049,0.33
E00760,E01045,0.15
E00609,E00503,0.82
E01045,E00082,0.73
E00070,E00482,0.8
E00498,E00963,0.7
E00489,E00457,0.83
E00928,E00088,0.17
E01020,E00408,0.27
E00319,E00777,0.98
E00005,E00844,0.78
E00321,E00620,0.75
E00591,E00650,0.21
E00156,E00823,0.89
E00749,E00092,0.19
E01162,E00323,0.22
E00085,E00094,0.89
E00441,E00992,0.77
E00016,E00603,0.91
E00956,E00624,0.94
E00968,E00863,0.72
E00297,E00812,0.58
E00767,E00996,0.71
E00145,E00650,0.63
E00687,E00281,0.99
E01158,E00044,0.79
E00432,E00108,0.77
E00010,E01035,0.96
E00555,E00572,0.41
E00298,E00304,0.79
E00248,E00628,0.83
E00463,E00668,0.33
E00070,E00689,0.39
E00141,E00985,0.81
E01038,E01073,0.37
E00741,E00352,0.19
E00271,E00424,0.96
E00510,E01169,0.33
E01116,E01054,0.38
E00571,E00468,0.71
E00230,E00149,0.13
E01168,E00786,0.72
E00491,E01058,0.13
E00146,E00613,0.96
E00309,E00387,0.52
E00541,E00408,0.22
E00392,E00500,0.97
E01121,E01017,0.79
E00563,E00926,0.25
E00240,E00561,0.98
E00109,E00847,0.86
E00203,E00970,0.71
E00967,E01154,0.44
E00671,E00419,0.93
E01125,E01152,0.13
E01071,E00358,0.56
E00141,E00023,0.32
E00840,E00223,0.86
E00806,E01195,0.77
E01146,E00373,0.91
E00988,E01056,0.32
E01162,E01196,0.43
E00404,E00985,0.6
E00114,E00457,0.19
E00422,E00621,0.24
E00342,E00116,0.43
E01196,E00576,0.81
E00879,E00115,0.17
E00949,E00838,0.22
E01012,E00784,0.44
E00928,E00048,0.7
E00575,E00466,0.11
E00064,E00320,0.66
E00303,E00386,0.24
E00221,E00635,0.39
E00409,E01031,0.76
E00732,E00026,0.66
E00510,E00665,0.5
E00258,E00979,0.51
E00442,E00518,0.94
E00197,E00818,1.0
E00880,E00077,0.73
E00442,E00119,0.38
E00871,E00010,0.53
E00399,E00748,0.65
E01122,E00513,0.21
E00451,E01188,0.82
E00699,E00556,0.85
E00725,E00074,0.9
E00344,E00963,0.33
E00511,E00234,0.8
E00034,E00807,0.72
E01182,E00978,0.14
E00202,E01055,0.39
E00886,E01085,0.12
E00105,E01068,0.19
E00222,E00741,0.54
E00266,E00703,0.83
E00531,E01078,0.89
E00205,E01091,0.11
E00429,E00954,0.93
E00794,E00961,0.8
E00912,E01050,0.44
E00130,E01079,0.42
E00169,E00135,0.99
E00217,E00843,0.25
E00547,E00092,0.94
E00409,E00389,0.85
E01073,E00812,0.78
E00977,E00910,0.37
E01151,E00908,0.44
E00830,E00005,0.81
E00438,E00868,0.37
E00072,E00219,0.44
E00238,E00837,0.99
E00761,E00019,0.25
E00945,E00633,0.9
E00840,E00138,0.14
E00443,E00097,0.14
E00515,E00948,0.2
E00696,E00690,0.57
E00831,E00129,0.9
E00762,E00010,0.31
E01028,E00697,0.91
E00628,E00790,0.89
E00537,E00478,0.6
E00225,E00139,0.81
E00002,E00009,0.43
E00729,E00224,0.84
E00118,E00799,0.85
E00787,E00877,0.5
E00707,E01075,0.52
E01009,E01198,0.42
E01087,E00727,0.9
E00494,E00032,1.0
E01167,E00837,0.96
E00103,E01188,0.85
E00320,E00348,0.5
E01041,E00581,0.23
E00090,E00649,0.85
E00808,E00005,0.35
E01095,E00402,0.57
E00882,E00202,0.6
E00518,E00440,0.91
E00896,E00412,0.17
E00725,E01109,0.59
E01061,E00450,0.8
E00181,E00894,0.49
E00486,E00710,0.74
E00045,E00967,0.25
E00750,E01167,0.26
E00586,E00538,0.24
E00016,E01168,0.47
E01045,E00847,0.7
E01042,E00368,0.24
E01017,E00434,0.82
E00183,E00269,0.55
E01156,E00195,0.82
E00783,E00853,0.23
E00411,E00558,0.85
E00502,E00168,0.73
E00036,E00846,0.18
E00418,E01067,0.31
E00389,E00877,0.42
E00636,E00668,0.27
E00186,E01071,0.84
E00258,E01091,0.94
E00447,E00914,0.56
E00480,E00661,0.37
E01044,E00918,0.45
E00295,E00821,0.28
E00619,E00878,0.64
E00188,E01021,0.66
E00105,E00624,0.15
E00994,E00289,0.89
E00063,E01005,0.24
E00197,E00137,0.47
E00334,E01148,0.53
E01061,E00446,0.31
E00511,E00940,0.36
E00105,E00234,0.65
E00898,E01127,0.44
E00115,E00479,0.23
E00355,E00835,0.95
E00883,E00161,0.2
E00327,E00899,0.37
E00769,E00148,0.38
E00519,E00913,0.69
E01085,E00724,0.58
E00939,E00965,0.43
E00545,E00792,0.78
E00950,E00949,0.72
E00582,E00144,0.19
E00401,E00922,0.8
E01097,E00165,0.44
E00405,E00471,0.54
E00686,E00762,0.15
E00280,E00498,0.74
E01157,E00839,0.66
E00654,E01192,0.89
E00590,E00007,0.92
E00488,E00003,0.18
E00194,E00922,0.42
E00279,E00718,0.25
E00050,E00370,0.79
E00275,E00576,0.69
E00122,E00242,0.35
E01168,E00922,0.39
E00929,E00463,0.47
E00109,E00506,0.73
E01132,E01125,0.9
E01173,E01127,0.7
E01058,E00471,0.91
E01034,E00969,0.9
E00387,E01058,0.38
E00599,E00185,0.32
E00947,E00386,0.73
E00658,E00098,0.63
E01062,E00871,0.2
E00106,E01018,0.95
E00954,E00389,0.5
E00383,E00590,0.1
E00509,E00479,0.2
E00587,E00816,0.66
E00454,E00841,0.37
E00202,E00381,0.27
E00865,E00415,0.92
E00264,E01173,0.77
E00783,E00690,0.41
E00867,E00709,0.58
E01169,E00566,0.88
E00382,E00626,0.83
E00301,E00075,0.66
E00470,E00263,0.91
E01006,E00681,0.9
E01084,E00310,0.8
E00249,E00575,0.91
E00481,E00520,0.8
E00206,E00780,0.28
E00650,E00042,0.17
E01077,E00399,0.95
E00871,E00032,0.75
E00117,E00768,0.69
E00482,E00682,0.51
E00873,E01157,0.79
E00843,E01032,0.81
E00349,E00989,0.37
E00723,E01126,0.97
E01031,E01022,1.0
E00854,E00178,0.17
E01181,E00979,0.66
E00607,E00425,0.25
E00749,E00641,0.59
E00622,E00637,0.11
E00345,E00815,0.15
E00440,E00598,0.35
E00417,E01040,0.55
E00172,E00987,0.48
E00303,E00999,0.65
E01165,E00391,0.76
E00214,E00869,0.34
E00406,E00188,0.84
E00952,E00158,0.87
E00184,E01044,0.4
E00655,E00225,0.36
E00816,E00474,0.24
E00201,E00569,0.89
E00439,E00830,0.22
E00490,E00024,0.41
E00985,E01044,0.26
E00832,E00378,0.61
E00655,E01097,0.51
E00861,E00179,0.66
E00472,E00194,0.86
E00840,E00374,0.19
E00987,E00686,0.83
E00601,E01192,0.65
E00725,E00790,0.14
E00512,E01008,0.39
E00248,E00565,0.77
E00119,E01090,0.71
E00754,E01157,0.48
E01012,E00441,0.96
E01141,E00764,0.27
E00852,E00589,0.28
E00181,E00531,0.49
E01085,E00090,0.31
E00763,E01143,0.33
E01062,E00519,0.73
E00721,E01151,0.59
E00694,E01189,0.56
E00966,E00245,0.22
E00850,E00060,0.87
E01075,E00746,0.87
E00188,E00502,0.77
E00499,E00496,0.74
E00544,E01160,0.96
E00385,E00363,0.21
E00087,E00879,0.12
E00010,E00163,0.64
E00635,E01182,0.42
E00553,E00851,0.76
E00509,E01044,0.25
E00224,E00462,0.47
E00147,E01164,0.78
E01115,E00069,0.15
E00597,E00252,0.78
E01175,E00127,0.81
E00976,E01108,0.44
E00392,E01182,0.66
E00396,E00387,0.53
E00876,E00145,0.32
E00968,E00238,0.39
E01064,E00476,0.78
E00248,E00578,0.28
E00166,E00004,0.49
E00451,E01153,0.75
E00968,E00924,0.35
E01147,E00908,0.43
E01066,E00673,0.56
E00724,E01055,0.69
E00439,E00928,0.5
E00210,E00572,0.61
E00310,E00127,0.79
E00440,E01121,1.0
E01110,E01061,0.64
E00174,E00335,0.38
E00205,E00856,0.79
E00685,E00737,0.16
E00860,E00351,0.79
E00086,E00093,0.62
E00663,E00795,0.53
E00100,E00625,0.24
E00578,E00388,0.19
E00501,E00580,0.51
E00751,E00698,0.19
E00443,E00192,0.9
E00254,E00059,0.91
E00049,E01043,0.24
E01010,E00566,0.67
E00610,E00070,0.51
E00967,E00801,0.91
E00255,E00908,0.88
E00764,E00227,0.54
E00954,E01036,0.68
E00592,E00967,0.99
E00187,E01192,0.5
E00977,E00490,0.41
E00314,E00686,0.23
E01097,E00234,0.32
E00151,E00386,0.29
E00128,E00042,0.42
E00679,E00152,0.75
E00546,E00249,0.93
E00906,E00502,0.27
E00430,E00570,0.44
E01117,E00037,0.9
E00427,E00786,0.66
E00334,E01170,0.84
E01199,E00059,0.46
E00642,E00927,0.97
E00160,E00007,0.79
E00887,E00154,0.92
E00599,E01167,0.29
E00170,E00990,0.35
E01140,E00806,0.57
E00591,E00124,0.66
E00332,E00888,0.33
E00071,E00657,0.81
E00722,E00344,0.64
E00126,E00427,0.94
E00104,E00883,0.38
E00149,E00986,0.22
E00929,E00290,0.6
E00871,E01191,0.34
E01005,E00833,0.92
E00698,E00354,0.93
E00022,E00474,0.35
E00994,E00445,0.53
E01099,E00473,0.95
E01026,E00483,0.67
E00317,E00007,0.84
E00257,E00747,0.21
E01029,E00304,0.78
E00074,E01161,0.17
E00655,E00938,0.24
E00611,E00152,0.58
E00959,E00632,0.47
E00223,E00234,0.64
E01020,E00181,0.31
E00613,E01135,0.75
E00730,E00228,0.97
E01118,E00467,0.35
E00986,E00258,0.12
E00004,E00080,0.71
E01132,E00378,0.24
E00048,E00744,0.19
E00548,E00934,0.71
E00771,E00582,0.26
E00112,E00502,0.52
E00350,E00730,0.37
E01009,E01164,0.4
E01018,E00231,0.5
E00835,E01093,0.5
E00918,E01004,0.62
E00143,E00461,0.65
E00200,E00241,0.83
E01120,E00285,0.37
E00216,E00324,0.24
E00969,E00660,0.13
E00684,E00251,0.29
E00140,E00745,0.3
E00900,E00345,0.64
E00639,E00606,0.83
E00405,E00417,1.0
E00910,E00959,0.33
E00306,E00740,0.47
E00535,E01091,0.17
E00786,E00457,0.97
E01003,E00230,0.2
E00404,E00554,0.78
E00528,E00556,0.58
E01018,E00400,0.13
E00070,E00587,0.57
E00821,E00723,0.88
E00989,E00084,0.39
E00510,E00722,0.78
E00496,E00270,0.95
E00277,E00762,0.89
E00157,E01043,0.51
E00816,E00762,0.11
E00248,E01143,0.74
E00908,E00662,0.33
E00010,E00993,0.35
E00455,E00236,0.79
E00432,E00072,0.87
E00862,E01156,0.2
E00251,E00714,0.94
E00688,E01092,0.8
E00366,E01153,0.54
E00681,E01065,0.87
E01169,E00710,0.62
E01020,E00040,0.37
E00339,E00794,0.15
E00969,E00688,0.12
E00644,E01121,0.15
E00750,E00273,0.57
E00498,E00182,0.19
E00875,E00012,0.65
E01188,E00138,0.45
E00259,E01087,0.76
E00125,E00089,0.71
E00029,E00926,0.36
E00879,E00690,0.37
E01044,E00452,0.94
E01012,E00701,0.9
E00028,E00016,0.66
E00714,E00977,0.42
E01159,E00808,0.63
E00834,E01072,0.41
E00561,E00273,0.34
E00808,E00925,0.76
E00795,E00677,0.75
E00812,E00011,0.17
E00341,E00159,0.51
E00448,E00851,0.27
E00423,E00904,0.89
E00425,E00743,0.65
E01160,E00015,0.75
E00284,E00781,0.48
E01095,E00394,0.59
E00829,E00835,0.92
E00265,E01028,0.75
E00574,E00848,0.87
E00078,E01035,0.68
E00343,E01177,0.62
E00894,E01018,0.67
E00312,E00278,0.67
E00778,E00349,0.41
E00923,E00333,0.48
E00749,E00238,0.2
E00856,E00724,0.74
E00939,E00693,0.15
E00454,E00618,0.37
E01121,E00193,0.66
E00187,E00720,0.83
E00481,E00189,0.81
E00939,E00652,0.62
E00787,E00043,0.25
E00736,E00624,0.49
E00813,E00790,0.11
E00453,E00467,0.71
E00685,E00042,0.55
E00687,E00948,0.78
E00836,E00172,0.91
E00019,E00837,0.23
E00669,E00818,0.41
E01061,E00346,0.55
E00058,E00029,0.35
E01034,E01129,0.55
E00359,E01197,0.17
E00807,E00291,0.48
E00523,E00018,0.16
E00752,E00971,0.53
E00325,E00551,0.36
E00564,E01012,0.74
E01191,E00863,0.52
E00510,E00929,0.81
E00528,E00208,0.15
E00356,E00915,0.47
E00020,E00557,0.86
E00864,E00003,0.15
E00399,E00699,0.33
E00947,E00999,0.42
E00423,E01192,0.66
E00233,E00124,0.41
E00128,E00490,0.14
E00669,E00081,1.0
E01155,E00826,0.66
E00928,E01144,0.13
E00013,E00255,0.53
E01116,E00607,0.52
E00047,E01013,0.71
E00479,E00428,0.69
E00817,E00978,0.47
E00217,E00717,0.76
E00087,E00444,0.12
E00845,E00888,0.57
E00665,E00995,0.55
E00123,E01172,0.25
E00238,E00874,0.26
E00656,E00809,0.69
E01181,E00372,0.95
E00952,E00506,0.35
E00529,E00932,0.25
E01184,E00413,0.24
E00884,E00079,0.82
E01075,E00594,0.43
E00724,E00555,0.27
E00304,E00052,0.77
E00691,E00606,0.83
E00787,E00985,0.13
E01098,E00924,0.1
E00894,E01108,0.56
E00323,E01056,0.91
E00727,E00986,0.9
E00794,E00557,0.72
E00050,E00397,0.19
E00658,E00850,0.29
E01189,E00806,0.87
E00113,E00418,0.67
E00419,E00243,0.74
E00987,E00634,0.96
E00663,E00081,0.78
E00927,E00194,0.22
E00422,E00784,0.69
E00894,E00989,0.27
E00993,E00180,0.94
E00763,E01178,0.85
E00245,E00162,0.79
E00366,E00551,0.54
E00860,E01161,0.3
E00031,E00946,0.66
E00069,E00972,0.3
E01161,E00366,0.77
E01067,E00976,0.64
E00329,E00368,0.78
E00025,E00031,0.6
E00622,E00129,0.5
E00815,E00135,0.66
E00025,E00866,0.61
E01197,E00084,0.67
E00724,E00292,0.43
E01157,E00935,0.61
E00655,E00603,0.3
E00589,E00840,0.45
E01132,E00868,0.32
E00207,E00334,0.86
E00051,E00544,0.58
E00967,E00893,0.86
E01016,E00660,0.35
E00511,E00481,0.86
E00007,E00408,0.51
E01122,E00573,0.79
E00575,E00166,0.83
E00862,E00245,0.2
E00109,E00860,0.53
E00240,E00292,0.18
E00566,E00393,0.6
E00534,E00948,0.11
E00528,E00793,0.87
E00215,E00444,0.43
E00619,E00765,0.71
E00552,E01018,0.39
E00450,E00113,0.13
E00817,E00505,0.56
E00349,E01182,0.22
E01012,E00994,0.47
E00023,E00117,0.22
E00887,E00057,0.68
E00559,E00988,0.88
E00536,E00557,0.89
E00743,E00782,0.72
E00689,E00503,0.86
E00210,E00047,0.6
E00570,E00361,0.37
E00490,E00650,0.97
E00676,E01027,0.72
E00756,E00913,0.16
E00564,E00657,0.23
E01038,E01033,0.23
E00154,E00107,0.6
E00672,E00386,0.62
E00231,E00849,0.45
E00255,E00149,0.16
E00062,E00419,1.0
E00275,E00371,0.43
E01025,E00876,0.41
E00073,E00829,0.95
E01052,E00101,0.17
E00483,E00183,0.4
E00214,E00129,0.21
E00245,E00920,0.4
E00516,E00790,0.21
E00427,E01177,0.51
E00370,E00534,0.42
E01098,E00916,0.4
E01044,E00761,0.52
E01189,E00311,0.5
E01133,E00692,0.33
E00118,E00103,0.2
E00323,E00942,0.96
E00188,E00845,0.38
E01136,E00530,0.18
E00558,E00175,0.51
E00196,E01008,0.27
E00736,E00367,0.66
E00779,E00063,0.7
E00835,E00237,0.12
E00960,E00639,0.84
E00303,E00224,0.63
E00332,E00466,0.48
E00564,E00667,0.92
E00785,E00191,0.25
E01108,E01125,0.19
E00096,E00798,0.49
E01198,E00181,0.51
E00122,E00036,0.49
E01110,E00339,0.78
E00243,E00942,0.51
E00337,E01177,0.38
E00654,E00053,0.57
E00428,E00862,0.72
E01105,E01054,0.84
E00436,E00662,0.88
E00338,E01168,0.23
E00504,E00248,0.97
E00449,E00660,0.66
E01133,E01167,0.55
E00640,E00273,0.92
E01146,E00715,0.59
E00007,E00219,0.63
E00560,E00986,0.52
E00842,E00360,0.82
E01104,E00442,0.59
E00627,E00444,0.14
E00498,E00261,0.55
E00619,E00279,0.16
E01102,E00400,0.76
E00463,E01197,0.4
E00916,E00692,1.0
E00790,E00391,0.79
E00045,E00295,0.22
E00607,E00496,0.63
E00921,E00185,0.86
E01021,E00322,0.58
E00288,E00734,0.19
E00158,E00551,0.97
E00175,E00073,0.73
E00490,E00848,0.24
E01113,E01137,0.18
E00777,E01012,0.13
E00987,E00812,0.59
E00579,E00147,0.41
E00883,E01158,0.95
E00599,E00593,0.43
E00939,E00123,0.16
E00675,E00888,0.2
E00004,E00291,0.85
E00648,E00733,0.73
E00587,E00867,0.21
E01092,E00468,0.55
E00009,E00085,0.76
E00043,E01133,0.38
E00728,E00460,0.33
E01039,E00434,0.41
E00956,E01019,0.39
E00905,E01194,0.3
E00814,E01141,0.38
E00169,E00463,0.72
E00701,E01012,0.23
E00683,E00280,0.32
E00588,E00448,0.66
E00376,E00753,0.81
E00632,E00520,0.65
E00433,E00250,0.53
E00080,E01041,0.27
E00216,E00290,0.73
E00344,E00445,0.13
E00913,E00791,0.14
E01157,E00298,0.84
E00359,E00910,0.83
E00144,E01185,0.21
E00663,E00220,0.43
E00690,E01097,0.98
E00364,E01077,0.79
E00209,E00656,0.43
E00977,E00271,0.1
E00786,E00373,0.59
E00125,E00976,0.88
E00457,E01041,0.45
E00143,E00643,0.25
E01017,E00333,0.56
E00148,E00315,0.62
E00543,E00090,0.16
E00189,E00593,0.47
E00161,E00594,0.86
E00621,E00469,0.34
E00368,E00671,0.83
E00080,E00130,0.9
E00712,E00257,0.62
E01193,E00938,0.58
E01156,E00507,0.8
E00368,E00990,0.32
E00188,E00114,0.12
E01032,E01020,0.65
E00121,E00219,0.59
E00811,E01075,0.56
E00446,E00720,0.82
E00836,E00513,0.94
E01054,E01140,0.91
E01010,E00790,0.83
E00321,E00058,0.39
E00281,E00848,0.55
E00688,E01163,0.77
E00874,E00960,0.61
E00486,E00095,0.94
E00747,E00857,0.37
E01001,E00686,0.49
E00202,E00246,0.5
E00255,E00744,0.89
E01099,E00275,0.86
E00328,E00005,0.37
E00650,E01064,0.69
E00944,E00698,0.47
E00119,E00196,0.58
E00581,E00900,0.48
E00504,E00212,0.25
E00757,E00049,0.86
E00320,E00543,0.28
E00302,E00366,0.83
E00806,E01114,0.87
E00371,E00701,0.84
E00352,E00877,0.47
E00564,E01196,0.86
E00552,E01050,0.34
E00519,E00585,0.69
E00387,E00645,0.3
E00690,E00616,0.96
E00035,E00905,0.19
E00445,E00264,0.15
E00547,E00141,0.16
E00794,E00348,0.28
E00124,E00114,0.56
E01018,E01100,0.13
E00644,E01048,0.58
E00139,E00738,0.95
E01008,E00971,0.49
E00113,E00687,0.23
E00011,E00581,0.46
E00951,E01004,0.49
E00775,E01045,0.39
E00568,E00346,0.7
E00757,E00174,0.58
E00390,E00234,0.32
E01034,E00551,0.92
E00935,E01114,0.73
E00440,E00897,0.12
E00824,E00862,0.76
E00171,E00699,0.38
E00270,E00468,0.21
E00441,E01102,0.17
E01074,E00739,0.37
E00964,E00027,0.66
E00177,E00335,0.59
E00514,E01146,0.5
E00981,E00934,0.4
E00182,E00342,0.6
E00142,E00451,0.55
E00429,E00958,0.96
E00192,E00670,0.99
E00209,E00133,0.68
E00714,E00316,0.45
E00975,E00321,0.64
E00161,E00377,0.48
E00441,E00854,0.74
E00357,E00445,0.4
E00947,E00845,0.52
E00575,E00248,0.94
E00436,E01179,0.74
E00960,E01150,0.31
E00333,E01050,0.52
E00052,E00115,0.8
E00366,E00911,0.39
E01186,E00563,0.46
E00994,E00375,0.86
E00834,E00901,0.82
E00948,E00083,0.75
E00673,E01000,0.13
E01013,E00522,0.51
E00009,E00975,0.53
E01191,E00720,0.35
E00370,E00572,0.18
E00035,E00785,0.43
E00591,E00200,0.94
E00210,E00898,0.99
E00440,E00514,0.88
E00502,E01180,0.38
E00597,E00750,0.29
E00535,E00361,0.93
E00978,E00152,0.82
E00781,E00045,0.42
E01117,E01073,0.22
E00143,E01187,0.9
E00247,E00205,0.73
E00895,E00149,0.75
E00947,E00108,0.67
E00457,E00817,0.41
E00423,E00607,0.1
E00296,E00929,0.9
E00620,E00270,0.16
E00746,E00705,0.23
E00377,E00349,0.16
E01040,E00273,0.56
E00039,E00015,0.27
E00784,E01150,0.73
E00305,E01046,0.58
E00720,E00183,0.73
E00635,E00467,0.95
E00749,E00123,0.29
E00836,E00208,0.5
E00896,E01046,0.69
E00985,E00360,0.27
E00731,E00862,0.89
E00498,E00335,0.68
E00712,E00063,0.21
E00134,E00072,0.58
E01082,E00193,0.44
E00331,E00159,0.64
E00153,E01085,0.65
E01054,E00510,0.57
E00303,E01153,0.59
E00928,E00554,0.31
E00392,E00398,0.8
E00006,E00954,0.11
E00702,E00380,0.83
E00522,E00962,0.51
E00328,E00251,0.49
E00502,E00176,0.11
E01046,E00736,0.54
E00404,E01073,0.45
E00580,E00465,0.19
E00520,E01153,0.1
E01136,E00420,0.48
E00213,E01023,0.56
E00308,E00460,0.2
E00378,E01144,0.55
E00792,E00459,0.66
E00905,E01106,0.84
E00667,E00323,0.38
E00910,E01177,0.78
E00743,E00974,0.59
E00962,E00626,0.81
E00155,E00696,0.63
E00505,E01198,0.11
E00762,E00320,0.12
E00098,E00208,0.11
E00834,E00569,0.91
E01153,E00432,0.39
E00789,E00394,0.48
E00824,E00158,0.65
E00113,E01025,0.29
E00899,E00482,0.16
E00857,E00013,0.56
E00082,E00508,0.33
E01087,E01085,0.47
E00836,E00564,0.37
E01162,E01170,0.41
E01083,E00395,0.35
E00045,E00747,0.96
E00941,E00956,0.62
E00046,E00301,0.94
E00126,E00298,0.31
E00625,E00847,0.8
E01140,E00556,0.21
E00921,E00345,0.83
E00803,E00658,0.87
E00906,E00001,0.84
E00165,E00151,0.68
E00227,E00839,0.82
E00539,E00083,0.67
E00575,E00717,0.45
E01037,E00175,0.49
E00992,E00844,0.68
E00327,E00707,0.44
E00158,E01032,0.58
E01009,E01108,0.17
E00029,E01010,0.49
E00698,E01151,0.66
E00723,E00814,0.25
E00253,E00901,0.36
E01072,E00230,0.66
E00268,E00995,0.13
E00711,E00792,0.46
E01005,E00136,0.25
E00851,E00538,0.44
E00756,E00252,0.66
E00233,E00901,0.75
E00963,E00912,0.95
E00850,E00018,0.84
E01098,E00173,0.37
E00405,E00729,0.54
E00413,E00997,0.96
E00310,E00683,0.85
E00934,E00996,0.93
E00994,E00303,0.9
E01001,E00847,0.6
E00926,E00412,0.57
E01053,E00233,0.14
E00947,E00911,0.79
E00226,E00142,0.35
E00781,E00008,0.96
E00873,E00093,0.65
E00554,E01169,0.33
E00097,E00252,0.36
E00913,E01185,0.23
E00436,E00444,0.44
E01011,E00855,0.3
E00400,E00451,0.82
E00173,E00811,0.83
E00576,E00218,0.64
E00506,E00855,0.52
E00788,E00094,0.8
E01196,E00442,0.77
E00763,E00708,0.28
E00379,E00680,0.21
E00393,E00151,0.71
E00506,E00861,0.43
E00079,E00547,0.86
E00104,E00061,0.41
E00081,E00884,0.56
E00362,E01158,0.44
E00577,E00873,0.76
E00224,E00195,0.4
E00286,E00207,0.12
E00022,E00055,0.56
E01024,E00304,0.74
E00122,E00287,0.64
E01022,E00468,0.3
E00819,E00779,0.65
E01152,E00545,0.44
E00721,E00554,0.19
E01043,E00536,0.62
E01140,E00582,0.96
E00474,E00723,0.24
E00035,E00353,0.31
E00652,E00766,0.34
E00699,E00197,0.23
E00078,E00493,0.86
E00941,E00049,0.47
E00682,E00491,0.1
E00163,E01029,0.35
E00600,E00538,0.84
E00574,E00315,0.18
E00474,E00505,0.27
E00652,E00506,0.23
E00901,E00754,0.89
E00879,E00765,0.39
E00158,E01119,0.68
E00758,E01085,0.9
E00906,E00558,0.3
E00839,E00101,0.15
E00167,E00217,0.29
E01117,E00706,0.37
E00940,E01052,0.89
E01113,E00461,0.84
E00745,E00567,0.83
E00861,E00553,0.62
E00680,E01009,0.99
E00848,E00647,0.78
E00913,E00272,0.81
E00527,E00460,0.66
E00863,E01005,0.66
E01172,E00899,0.21
E00160,E00067,0.78
E01080,E00788,0.52
E00239,E00356,0.73
E00648,E00898,0.81
E00420,E00600,0.56
E00880,E00156,0.38
E01021,E00454,0.87
E01040,E00139,0.34
E00216,E00914,0.25
E00639,E00592,0.32
E00390,E01195,0.58
E00086,E01074,0.42
E00290,E00673,0.83
E00555,E01028,0.91
E00317,E00292,0.55
E00149,E01082,0.68
E01085,E00307,0.23
E00447,E00234,0.99
E00564,E00300,0.73
E00123,E00239,0.97
E00697,E01110,0.27
E01089,E00209,0.93
E00472,E01195,0.27
E00637,E00861,0.46
E01103,E00508,0.18
E00565,E00968,0.4
E00985,E01039,0.7
E00689,E00156,0.29
E00137,E00140,0.3
E01186,E01052,0.93
E00625,E00038,0.36
E00246,E00146,0.91
E01162,E00965,0.97
E00961,E00210,0.44
E00114,E00055,0.48
E00640,E00306,0.2
E00045,E00162,0.21
E00079,E00752,0.41
E00786,E00091,0.16
E00773,E00660,0.48
E00135,E00343,0.52
E00751,E01056,0.8
E00211,E00671,0.75
E00689,E00631,0.98
E01143,E01079,0.62
E00453,E01170,0.63
E00402,E00365,0.34
E00722,E00818,0.63
E01128,E00557,0.11
E00056,E00571,0.47
E00594,E00620,0.73
E00649,E00949,0.28
E00649,E00798,0.86
E00217,E00792,0.6
E00652,E00786,0.48
E00037,E01061,0.22
E01071,E00286,0.29
E00655,E00059,0.37
E00426,E00807,0.76
E00094,E00726,0.74
E01029,E00854,0.39
E00295,E01012,0.44
E00021,E01033,0.21
E00332,E00148,0.16
E00028,E01024,0.93
E00488,E00261,0.91
E01188,E00903,0.86
E00630,E00696,0.15
E00586,E00738,0.79
E00266,E00777,0.39
E00099,E00372,0.63
E00428,E00443,0.83
E00271,E00827,0.97
E00726,E00940,0.85
E01145,E00559,0.66
E00083,E00557,0.38
E00012,E00501,0.86
E00375,E00649,0.59
E00924,E00982,0.34
E00687,E01002,0.12
E01129,E00754,0.29
E00078,E00241,0.58
E01134,E00741,0.68
E01175,E00652,0.59
E01027,E01178,0.66
E01196,E01045,0.33
E00998,E00350,0.93
E00077,E00011,0.62
E01132,E00789,0.98
E00992,E00844,0.86
E00848,E00249,0.15
E00976,E00568,0.37
E00790,E00733,0.8
E00447,E00509,0.79
E00994,E00708,0.89
E00142,E00581,0.4
E00409,E00188,0.9
E00502,E00981,0.79
E00627,E00591,0.27
E00804,E01074,0.33
E00307,E00950,0.55
E01124,E00165,0.23
E00798,E00524,0.61
E00807,E00843,0.12
E00129,E01012,0.4
E00478,E00582,0.24
E00991,E00940,0.72
E00437,E00978,0.61
E00301,E00508,0.82
E00669,E00167,0.8
E01093,E00750,0.99
E00522,E00760,0.9
E00716,E00340,0.17
E00289,E00951,0.26
E00123,E01014,0.21
E00194,E00667,0.96
E00598,E01200,0.82
E01190,E00002,0.65
E00486,E00117,0.11
E00382,E00367,0.87
E00097,E01193,0.78
E01156,E01000,0.83
E00541,E01181,0.65
E00081,E00080,0.95
E00044,E01013,0.35
E00413,E00018,0.61
E00488,E00633,0.37
E00500,E00890,0.27
E00492,E00599,0.7
E01052,E00215,0.21
E00066,E01132,0.93
E00435,E00320,0.57
E00688,E00918,0.8
E01108,E00775,0.2
E01197,E00828,0.77
E00399,E00587,0.26
E01081,E00751,0.18
E00864,E00178,0.27
E00792,E01191,0.86
E01193,E00975,0.32
E00958,E00936,0.49
E00825,E00450,1.0
E00910,E00699,0.75
E00590,E00083,0.44
E01128,E00249,0.45
E01152,E00579,0.57
E01018,E00487,0.16
E01111,E00652,1.0
E00263,E00686,0.25
E01140,E00984,0.71
E00745,E00388,0.7
E00193,E00102,0.9
E00132,E00279,0.19
E00397,E00969,0.66
E00039,E00603,0.55
E00331,E00144,0.91
E01190,E00761,0.64
E00866,E00730,0.88
E00982,E00075,0.24
E00730,E00901,0.41
E00814,E00278,0.2
E00824,E00375,1.0
E00549,E01094,0.31
E00050,E00610,0.72
E00096,E00566,0.38
E01097,E00108,0.23
E00451,E00778,0.64
E00561,E00189,0.28
E00106,E00017,0.4
E00900,E01041,0.82
E00961,E00924,0.94
E00167,E00613,0.63
E00927,E00135,0.44
E00655,E00152,0.47
E00132,E00145,0.38
E00654,E00736,0.96
E00484,E00106,0.61
E00621,E00786,0.78
E00127,E00120,0.36
E00104,E00549,0.22
E01125,E00217,0.84
E00315,E00112,0.78
E00974,E01078,0.46
E00654,E00072,0.96
E00609,E00611,0.39
E00823,E00750,0.42
E00168,E00845,0.47
E00688,E00819,0.23
E00200,E00720,0.42
E00913,E00917,0.5
E00322,E00807,0.87
E01044,E00709,0.71
E00038,E00682,0.55
E00531,E01134,0.73
E01144,E00131,0.34
E00096,E00603,0.48
E00649,E00255,0.2
E01138,E00077,0.71
E00949,E00271,0.41
E00622,E00699,0.86
E01111,E00986,0.68
E00506,E00732,0.84
E00139,E00185,0.34
E00809,E00025,0.11
E00120,E00396,0.45
E01013,E00248,0.28
E01066,E00453,0.92
E00968,E00569,0.85
E00151,E00531,0.15
E00822,E00365,0.16
E00347,E00886,0.43
E00114,E00047,0.4
E00601,E00772,0.11
E00042,E00179,0.54
E00917,E01001,0.2
E01023,E00320,0.38
E01134,E00173,0.62
E00702,E00904,0.64
E00029,E00776,0.97
E01131,E01180,0.85
E00195,E00418,0.86
E01113,E00505,0.52
E00582,E00230,0.77
E00373,E00913,0.91
E00751,E00261,0.2
E00948,E00055,0.15
E00837,E00462,0.56
E00640,E00726,0.55
E00111,E00960,0.33
E00618,E00262,0.77
E00897,E00992,0.61
E00920,E00859,0.49
E00313,E00994,0.3
E00798,E00778,0.79
E00277,E00034,0.79
E00347,E00917,0.54
E00491,E00584,0.5
E01103,E00546,0.92
E00344,E00862,0.27
E01008,E00874,0.18
E00171,E00092,0.45
E00776,E00968,0.91
E00620,E01125,0.66
E00721,E00050,0.14
E00129,E00467,0.41
E00866,E01122,0.13
E00938,E00527,0.77
E01184,E00150,0.16
E00282,E00510,0.46
E00037,E01114,0.44
E00864,E00270,0.95
E01002,E00827,0.18
E00681,E00904,0.36
E00452,E00664,0.48
E00635,E00190,0.67
E00090,E00027,0.73
E00340,E00225,0.14
E00620,E00702,0.91
E00809,E00978,1.0
E00524,E00686,0.59
E00261,E00943,0.35
E00570,E00741,0.95
E00366,E00373,0.52
E01069,E00342,0.76
E00303,E00599,0.2
E00105,E00818,0.32
E00672,E00333,0.37
E01045,E00305,0.75
E00989,E00470,0.81
E00253,E00001,0.88
E00736,E00304,0.6
E00503,E00954,0.37
E00766,E00243,0.91
E00868,E00616,0.19
E00030,E00375,0.95
E00180,E00775,0.4
E00543,E00926,0.28
E00722,E00652,0.74
E01132,E00685,0.67
E00409,E00446,0.98
E00808,E00392,0.82
E00525,E00194,0.56
E00974,E00003,0.47
E00418,E00634,0.62
E00558,E01103,0.41
E00895,E00435,0.58
E00041,E00560,0.12
E00068,E00915,0.73
E01182,E00495,0.47
E00737,E00336,0.83
E00296,E00625,0.86
E00212,E00505,0.2
E00138,E00726,0.88
E01121,E00512,0.45
E00699,E00039,0.47
E00895,E00666,0.43
E00108,E00420,0.9
E00485,E00577,0.47
E00521,E01065,0.21
E00423,E00646,0.22
E00803,E01017,0.75
E00076,E00018,0.24
E00885,E00011,0.22
E00035,E00192,0.39
E01082,E00313,0.62
E00022,E00470,0.94
E01009,E00629,0.64
E00107,E00124,0.6
E00366,E00191,0.87
E00214,E00347,0.81
E01019,E00297,0.43
E00714,E00488,0.98
E00864,E01010,0.29
E00485,E01138,0.83
E00660,E00700,0.84
E00054,E00653,0.56
E01179,E00343,0.38
E01015,E00893,0.67
E00548,E00298,0.72
E00519,E00675,0.83
E00239,E00028,0.27
E01096,E01046,0.49
E00131,E00768,0.15
E00293,E00892,0.47
E00780,E00417,0.57
E00309,E00794,0.21
E00949,E00266,0.75
E00284,E00134,0.55
E00780,E00500,0.2
E00479,E00099,0.16
E00239,E00282,0.49
E00385,E00373,0.97
E00073,E00816,0.28
E01103,E00935,0.77
E00448,E00998,0.23
E00722,E00852,0.76
E01021,E00729,0.63
E00366,E00404,0.75
E00201,E00870,0.93
E00019,E00943,0.48
E01126,E00031,0.79
E00186,E00288,0.27
E00712,E00353,0.48
E00647,E00198,0.2
E00978,E00477,0.16
E00957,E00900,0.13
E00645,E00950,0.53
E00271,E01105,0.76
E00355,E00969,0.23
E00036,E00630,0.88
E01177,E00345,0.15
E01079,E00879,0.16
E00664,E00185,0.5
E01003,E00907,0.94
E01026,E00174,0.66
E00624,E00494,0.4
E01142,E00204,0.84
E00232,E01010,0.39
E01055,E00095,0.26
E00929,E00632,0.99
E00537,E00836,0.95
E01112,E00306,0.13
E00668,E01189,0.16
E01142,E00423,0.73
E01168,E01200,0.99
E00470,E00568,0.66
E00867,E00695,0.16
E01085,E00384,0.29
E00925,E00288,0.5
E00438,E00352,0.67
E00187,E00524,0.99
E00902,E00920,0.57
E00959,E00963,0.21
E00494,E00954,0.39
E00146,E00859,0.78
E00887,E00207,0.61
E01146,E00104,0.51
E00487,E00887,0.33
E00862,E00202,0.26
E00137,E00991,0.97
E00648,E01157,0.99
E00722,E00520,0.75
E00537,E01045,0.72
E00010,E00311,0.83
E00161,E01151,0.98
E00565,E00742,0.48
E00581,E00289,0.9
E00291,E00851,0.55
E00365,E00006,0.24
E01139,E00884,0.32
E00063,E01180,0.83
E00059,E00820,0.42
E00984,E00783,0.72
E00329,E00528,0.29
E00620,E00947,0.84
E00895,E01020,0.11
E00818,E00693,0.67
E00983,E00716,0.59
E00486,E00706,0.57
E01006,E00988,0.25
E01020,E00508,0.84
E00014,E00841,0.36
E00224,E00948,0.83
E00237,E00519,0.65
E00146,E01059,0.39
E00122,E00681,0.86
E00891,E00198,0.18
E01070,E01111,0.3
E00331,E00487,0.71
E00677,E00523,0.79
E01078,E00576,0.15
E00652,E01065,0.47
E00737,E01008,0.94
E00764,E00442,0.84
E01001,E00258,0.39
E01009,E01168,0.42
E00313,E00053,0.35
E00330,E00295,0.82
E00330,E00968,0.67
E00945,E00545,0.55
E00651,E01167,0.55
E00562,E00624,0.24
E00856,E00829,0.71
E00568,E00327,0.39
E00237,E00558,0.91
E00566,E00133,0.29
E01168,E00551,0.6
E00790,E01074,0.55
E00308,E00608,0.31
E00197,E00098,0.92
E00512,E00957,0.7
E00651,E01054,0.54
E01118,E00800,0.3
E00298,E00748,0.6
E00384,E00782,0.19
E00850,E01111,0.52
E00548,E01059,0.62
E00997,E00738,0.69
E00904,E00483,0.2
E00399,E00400,0.6
E00501,E01018,0.55
E00577,E01158,0.36
E00065,E00797,0.57
E00629,E00350,0.78
E00132,E00058,0.18
E00766,E00974,0.47
E00479,E00425,0.52
E00357,E01100,0.86
E00470,E00755,0.55
E01133,E01063,0.27
E00711,E01140,0.51
E00101,E00764,0.52
E00480,E00068,0.7
E00985,E00823,0.83
E00081,E00278,0.61
E00661,E00299,0.68
E00702,E00056,0.89
E00040,E00206,0.75
E00889,E00156,0.72
E00796,E01197,0.83
E00976,E00173,0.4
E00686,E00633,0.94
E00156,E00334,0.59
E00740,E00858,0.47
E00837,E01015,0.23
E00079,E00342,0.27
E00767,E00840,0.5
E00075,E00233,0.92
E00786,E00260,0.72
E00414,E00976,0.72
E00836,E00088,0.92
E00683,E00080,0.22
E00577,E00578,0.49
E00432,E00482,0.48
E01151,E00990,0.64
E00765,E00964,0.39
E00491,E00872,0.13
E00634,E00101,0.48
E00983,E00262,0.41
E00623,E00197,0.73
E00356,E00657,0.69
E00394,E00774,0.18
E00461,E00219,0.55
E00794,E00489,0.48
E01106,E00400,0.43
E01105,E00498,0.67
E00840,E00050,0.54
E00606,E00463,0.84
E00598,E00639,0.6
E00154,E00766,0.45
E01022,E00002,0.42
E00769,E00659,0.33
E00211,E00248,0.93
E00959,E00801,0.65
E00457,E00974,0.16
E00077,E00605,0.81
E00724,E00198,0.14
E00292,E00055,0.96
E00794,E00259,0.64
E01147,E00939,0.67
E00023,E01114,0.73
E01028,E00754,0.56
E00414,E00707,0.19
E00492,E00991,0.36
E00713,E00208,0.53
E01110,E00316,0.49
E01172,E01003,0.21
E00441,E01057,0.76
E00223,E01058,0.67
E00455,E01004,0.44
E01156,E00623,0.88
E00450,E00385,0.42
E00315,E00673,1.0
E00559,E00419,0.15
E00368,E00895,0.57
E00969,E00488,0.7
E01020,E00623,0.67
E01046,E00399,0.24
E00567,E00970,0.66
E00357,E01022,0.91
E00420,E01046,0.71
E00988,E00124,0.24
E00741,E00769,0.38
E00450,E00897,0.98
E01171,E00741,0.94
E00138,E01164,0.22
E00514,E00739,0.9
E00854,E00213,0.88
E00452,E00265,0.83
E00706,E00603,0.19
E00406,E01153,0.69
E01059,E00581,0.68
E00833,E00127,0.75
E00857,E00322,0.15
E00199,E00331,0.51
E00089,E00643,0.96
E00938,E01058,0.12
E01040,E01014,0.77
E00434,E00423,0.65
E00934,E00009,0.46
E00096,E00538,0.37
E00531,E00831,0.64
E00148,E00412,0.18
E00183,E00190,0.4
E00381,E00684,0.23
E00145,E00596,0.54
E00595,E00374,0.8
E00241,E00513,0.51
E00440,E00165,0.65
E00847,E00546,0.39
E00929,E00073,0.71
E00655,E00534,0.82
E00960,E00418,0.98
E00747,E00406,0.14
E00778,E00334,0.8
E00620,E00359,0.78
E00782,E00825,0.47
E00181,E00727,0.21
E00009,E00290,0.86
E00844,E00205,0.25
E01035,E00678,0.44
E00769,E00220,0.7
E00822,E00633,0.36
E00340,E00402,0.96
E01193,E00753,0.32
E00923,E00828,0.38
E00122,E01078,0.75
E00180,E00698,0.38
E00728,E00840,0.87
E00759,E00332,0.7
E00015,E00074,0.59
E00804,E01027,0.76
E01069,E01065,0.59
E01005,E00201,0.75
E00472,E01129,0.99
E00091,E01036,0.66
E01067,E00347,0.3
E00504,E00582,0.13
E01033,E01085,0.97
E00982,E00816,0.67
E00166,E00361,0.37
E00603,E00497,0.77
E00106,E00421,0.74
E01147,E00391,0.5
E00790,E00135,0.52
E00385,E00729,0.58
E00743,E00927,0.55
E01118,E00565,0.41
E00666,E00400,0.9
E00226,E01166,0.99
E00644,E00989,0.76
E00813,E01173,0.74
E00206,E00165,0.41
E00800,E00312,0.92
E00688,E00109,0.17
E00490,E01090,0.15
E00098,E00836,0.85
E00840,E00357,0.38
E00754,E01195,0.9
E01111,E00616,0.5
E00483,E00227,0.31
E00574,E00612,0.44
E00567,E00018,0.54
E00841,E00979,0.77
E00325,E00779,0.53
E00985,E00762,0.4
E00235,E00048,0.43
E00216,E00174,0.75
E00023,E00591,0.87
E00123,E00423,0.62
E00513,E00798,0.67
E00656,E00985,0.27
E00566,E00025,0.1
E00282,E00687,0.34
E00460,E01033,0.45
E00743,E00011,0.82
E00708,E00073,0.65
E00927,E00522,0.28
E00357,E00877,0.36
E00939,E00551,0.99
E00472,E00938,0.39
E00421,E00027,0.75
E00051,E00762,0.39
E00820,E00946,0.9
E00276,E00988,0.33
E00287,E00604,0.88
E00377,E00759,0.29
E00051,E00567,0.65
E00891,E00889,0.15
E00197,E00382,0.72
E00670,E00954,0.67
E00524,E00417,0.8
E00212,E00034,0.14
E00027,E00337,0.58
E00462,E00673,0.76
E00058,E00340,0.62
E00688,E00392,0.67
E00831,E00173,0.29
E00419,E00318,0.33
E00987,E00807,0.49
E01071,E00138,0.83
E00088,E00050,0.55
E00571,E00095,0.53
E00542,E00859,0.32
E00513,E00951,0.16
E00803,E00777,0.48
E00690,E00031,0.54
E00822,E00332,0.23
E00431,E00016,0.77
E00849,E00416,0.91
E00737,E00147,0.26
E00989,E00817,0.17
E00722,E01067,0.58
E00748,E00513,0.22
E00140,E00238,0.46
E00834,E00092,0.94
E01146,E00122,0.34
E01168,E00650,0.8
E00742,E00991,0.2
E00380,E00053,0.67
E00058,E00092,0.99
E00897,E00531,0.55
E00508,E00176,0.62
E00071,E00882,0.7
E00795,E00246,0.57
E00677,E00596,0.65
E00408,E00244,0.58
E00140,E00083,0.96
E00847,E00742,0.45
E01043,E00792,0.24
E00149,E00744,0.82
E00767,E00653,0.86
E00279,E00647,0.43
E00008,E00888,0.69
E00397,E00875,0.18
E00509,E00854,0.91
E00529,E00468,0.96
E00176,E00421,0.51
E00316,E00745,0.36
E00784,E00024,0.59
E00608,E00310,0.1
E00584,E00241,0.79
E00939,E01166,0.76
E00351,E00727,0.95
E01144,E00823,0.39
E00233,E01004,0.57
E00665,E00814,0.67
E00572,E01099,0.41
E01070,E00874,0.45
E00298,E00147,0.28
E01052,E00664,0.65
E00361,E00030,0.35
E00459,E01061,0.88
E00490,E00069,0.65
E00121,E00984,0.28
E01136,E00734,0.86
E00212,E00964,0.48
E00706,E00415,0.85
E00398,E00683,0.32
E00452,E00349,0.19
E00022,E00886,0.67
E01119,E01093,0.13
E00013,E00004,0.75
E00995,E00237,0.41
E00405,E00735,0.65
E00946,E00906,0.52
E00248,E00084,0.45
E00635,E00359,0.49
E00785,E00952,0.46
E00936,E00143,0.62
E00616,E00006,0.12
E00383,E00505,0.8
E00271,E00643,0.71
E00457,E00282,0.25
E00559,E01119,0.95
E01110,E00935,0.48
E00131,E00854,0.98
E00612,E00745,0.53
E00170,E00641,0.56
E01179,E00362,0.85
E00445,E00038,0.56
E01017,E00261,0.5
E00821,E00233,0.37
E00303,E00558,0.53
E00625,E00881,0.75
E00167,E00408,0.2
E00112,E01192,1.0
E00941,E00863,0.42
E00926,E00961,0.38
E00739,E00124,0.26
E01116,E00323,0.79
E00209,E00108,0.42
E00398,E00378,0.69
E00584,E01053,0.36
E00219,E01013,0.51
E00562,E00011,0.58
E00927,E00876,0.89
E01022,E00848,0.47
E01143,E00009,0.44
E00801,E00482,0.88
E00996,E00850,0.89
E00317,E00061,0.77
E00293,E00614,0.42
E00079,E01168,0.88
E01019,E00648,0.69
E00143,E00565,0.96
E00381,E00825,0.41
E00925,E00815,0.99
E00306,E00172,0.44
E00097,E00810,0.56
E00789,E00963,0.58
E00243,E00383,0.54
E00632,E00567,0.27
E00179,E00834,0.41
E00313,E00864,0.21
E00442,E01162,0.13
E00732,E00803,0.48
E00708,E00823,0.1
E01029,E00810,0.19
E00666,E00285,0.78
E00334,E00115,0.95
E00361,E00952,0.33
E01030,E01013,0.71
E00959,E01169,0.72
E00445,E00923,0.2
E00658,E00162,0.75
E00743,E00165,0.73
E00755,E00017,0.64
E00170,E00941,0.35
E00152,E01174,0.97
E00063,E00932,0.7
E00462,E00289,0.14
E01194,E01107,0.26
E01115,E00504,0.42
E00610,E01019,0.86
E00550,E00002,0.76
E00054,E01055,0.29
E00798,E01091,0.77
E01013,E00259,0.15
E01016,E00180,0.94
E01140,E00374,0.79
E00351,E00964,0.43
E00520,E01074,0.54
E00834,E00868,0.13
E01149,E00885,0.59
E00017,E00194,0.97
E00165,E00027,0.29
E00125,E00711,0.96
E01172,E00417,0.74
E01096,E00185,0.45
E00858,E01155,0.87
E01123,E01152,0.24
E00368,E00168,0.12
E00627,E00628,0.49
E00522,E00227,0.22
E00502,E00732,0.34
E00499,E00796,0.17
E00627,E00039,0.49
E00499,E00097,0.69
E01003,E00695,0.79
E00276,E00138,0.82
E01015,E00053,0.98
E01140,E01148,0.49
E01121,E00818,0.28
E00839,E00548,0.49
E00833,E00888,0.26
E01128,E00292,0.88
E00544,E00787,0.15
E00346,E01095,0.66
E00499,E00356,0.64
E00133,E00299,0.95
E00441,E00495,0.19
E00909,E01192,0.69
E00871,E00641,0.35
E00730,E00842,0.74
E00112,E00657,0.76
E00821,E00032,0.31
E00506,E00206,0.94
E01086,E00064,0.13
E00427,E00520,0.48
E00775,E01073,0.7
E01050,E00737,0.82
E00192,E00697,0.44
E00941,E00407,0.19
E00817,E00931,0.49
E00416,E00724,0.22
E00285,E00735,0.83
E00560,E00846,0.63
E01189,E00851,0.98
E00944,E00369,0.71
E01021,E01109,0.77
E00490,E00592,0.89
E00995,E00690,0.5
E00416,E00008,0.45
E01004,E00873,0.64
E00326,E00155,0.54
E00319,E00709,0.45
E00715,E00043,0.28
E00531,E00451,0.97
E00827,E00262,0.67
E00670,E01003,0.11
E01134,E00719,0.26
E00568,E00479,0.28
E00026,E00767,0.29
E00750,E00858,0.2
E00132,E00390,0.95
E00271,E00664,0.64
E00740,E00699,0.69
E00638,E00329,0.74
E00121,E00176,0.25
E00894,E00745,0.97
E00863,E00902,0.92
E00732,E00087,0.54
E00914,E00506,0.87
E00116,E00469,0.55
E00898,E00323,0.78
E01051,E00958,0.78
E00283,E00349,0.59
E00500,E00302,0.16
E00982,E00873,0.47
E00891,E00347,0.63
E00187,E01016,0.34
E00263,E00339,0.58
E00388,E00038,0.24
E00718,E00891,0.29
E00940,E00389,0.68
E00398,E00840,0.26
E00806,E00198,0.42
E00753,E00611,0.83
E00543,E00028,0.9
E01169,E00938,0.53
E00550,E00203,0.84
E00166,E00864,1.0
E00373,E00075,0.34
E00878,E00389,0.38
E00979,E00672,0.14
E00946,E00179,0.2
E00675,E00726,0.95
E00205,E00302,0.15
E00756,E00873,0.38
E00105,E00117,0.43
E00092,E00964,0.79
E00118,E00263,0.98
E00066,E00347,0.23
E00641,E00299,0.37
E00425,E01122,0.25
E00992,E00343,0.12
E00325,E00550,0.87
E01142,E00804,0.32
E00508,E00142,0.25
E01124,E00564,0.59
E00255,E00765,0.13
E00220,E01157,0.19
E01131,E00052,0.4
E00816,E00057,0.7
E00139,E00715,0.63
E00468,E00675,0.53
E00580,E00502,0.59
E00728,E00887,0.84
E00252,E01112,0.13
